id,label,sigma_alpha_max,mu_alpha_max,max_alpha,mass_in_window
NCI-H524__8:126658134-127526126,ecDNA,1.025,4.182,0.996,0.373
COLO320DM__8:127438979-129010063,ecDNA,0.601,5.021,0.993,0.59
GBM39-DM__7:55222715-56051684,ecDNA,0.649,4.808,0.996,0.557
GBM39-DM__7:54830978-55194954,ecDNA,0.65,4.776,0.996,0.556
NCI-H524__8:121540495-121556304,ecDNA,0.912,4.249,0.996,0.415
SA1035__5:142219490-145802718,IC,0.053,1.679,0.5,1.0
SA1050__3:187661656-192000000,IC,0.065,1.68,0.5,0.99
SA1050__12:88000001-88950008,IC,0.068,1.677,0.501,0.999
SA1035__2:36692923-38813977,IC,0.062,1.682,0.503,1.0
SA1050__2:22609120-23858025,IC,0.053,1.677,0.51,1.0
