individual	chromosome	start	end	mcj_s	mcj_e	class_s	svclass_s	svname_s	svf_s	svlen_s	leftcn_s	rightcn_s	class_e	svclass_e	svname_e	svf_e	svlen_e	leftcn_e	rightcn_e	regionlength	oncogene	peakgene	peakregion	peaklength	measureregion	regionid	svcluster_s	svcluster_e	chromothripsis	mech	mean_cn	sd_cn	cn10	ecdna	id	max_alpha	min_alpha	diff	sigma_alpha_max	sigma_alpha_min	mu_alpha_max	mu_alpha_min	x_mode	density_at_mode	mass_in_window	ecn	normal_sd	max_cn	sd	effective_width	n_cells	sam	mam	score	process	cancer_type	n_peaks	decision	cn6
NCI-H524	8	126658134	127526126	baseline	baseline	NA	DEL	gridss151fb_2602h	1012	5101830	1.97325718038816	51.930308416305	NA	DEL	gridss152fb_11637o	379	736807	72.9398383335723	2.15428620733762	867992		NA	8_127412932_127414508	1576			cluster27[47]	cluster27[47]		CGR-NOS	97.6547628044137	104.717992587037	0.890697674418605	yes	NCI-H524_chr8_126658134_127526126	0.996	0.004	0.992	1.025	0.061	4.182	6.75	4.182	0.387	0.373	4.187	1.027	6.801	1.027	3.41799895557259	406	8.37620727770981	5.99654307963737	1	ecDNA	EXP	0	ecDNA	0.930232558139535
NCI-H524	8	121540495	121556304	baseline	baseline	NA	DUP	gridss151bf_70o	633	5986142	2.06326732636292	71.998894869121	NA	DEL	gridss151fb_2602o	1012	5101830	71.998894869121	2.11737411665966	15809		SNTB1	8_121540495_121556304	15809			cluster27[47]	cluster27[47]		CGR-NOS	85.5721867939644	98.7001569541287	0.797674418604651	yes	NCI-H524_chr8_121540495_121556304	0.996	0.004	0.992	0.912	0.072	4.249	6.661	4.249	0.435	0.415	4.231	0.947	6.719	0.947	3.12223221719751	358	7.30467361568329	6.17467779995587	0.923150267224439	ecDNA	EXP	1	ecDNA	0.82093023255814
NCI-H524	8	128241999	128926381	baseline	baseline	NA	h2hINV	gridss152bb_276h	798	868310	2.15428620733762	80.8698776233951	NA	DUP	gridss152bf_228h	705	1831703	81.3468381220786	2.02743653310385	684382	MYC	CASC8	8_128454704_128481936	27232	MYC_8_128622786_128787632	NCI-H524_region1	cluster27[47]	cluster27[47]		CGR-NOS	87.7211820049645	89.7710961248198	0.923255813953488	yes	NCI-H524_chr8_128241999_128926381	0.995	0.005	0.99	0.934	0.073	4.108	6.563	4.108	0.425	0.406	4.124	0.926	6.635	0.926	3.01851726728423	412	7.51329078882119	5.79979726913633	0.922712669475289	ecDNA	EXP	0	ecDNA	0.953488372093023
P-0009535	12	65261748	65288922	baseline	baseline	NA	DEL	gridss201fb_6345h	737	7103145	3.77812467730442	51.0889886556569	NA	t2tINV	gridss201ff_6356o	547	183645	51.0889886556569	3.90039840947341	27174		TBC1D30	12_65261748_65288922	27174			cluster2[38]	cluster2[38]	chr12[20]	CTX	58.2908646293349	65.7056917431207	0.921348314606742	yes	P-0009535_chr12_65261748_65288922	0.999	0.001	0.998	0.881	0.003	3.699	6.234	3.699	0.453	0.43	3.688	0.881	6.264	0.881	2.91474789099421	88	7.01071305353441	4.71237785704275	0.845472522296752	ecDNA	EGFR+LUAD	0	ecDNA	0.97752808988764
P-0009535	12	58581263	58595072	baseline	baseline	NA	DUP	gridss201bf_958o	718	8936969	3.96263393347795	54.8602197738117	NA	DEL	gridss201fb_7569o	610	10513607	54.8602197738117	3.93159967707293	13809		NA	12_58581263_58595072	13809			cluster2[38]	cluster2[38]	chr12[20]	CTX	57.7164204397553	64.3018479706337	0.910112359550562	yes	P-0009535_chr12_58581263_58595072	0.999	0.001	0.999	0.867	0.003	3.696	6.249	3.696	0.46	0.435	3.699	0.862	6.231	0.862	2.64006940852185	87	6.87795667062847	4.70440167553595	0.834672487435724	ecDNA	EGFR+LUAD	0	ecDNA	0.955056179775281
NCI-H69	2	140508119	140896151	below_baseline	below_baseline	NA	h2hINV	gridss30bb_62h	1366	87303219	1.04369854855455	41.5000996474665	NA	DUP	gridss38bf_117h	1963	5618701	68.0869095639317	1.00835995283325	388032		NA	2_140860428_140896151	35723			cluster4[172]	cluster4[172]	chr2[52]	CTX	37.4367462094327	48.6394965121183	0.733102253032929	yes	NCI-H69_chr2_140508119_140896151	0.987	0.013	0.973	0.903	0.02	3.294	4.854	3.293	0.436	0.415	3.326	0.908	6.479	0.908	2.93229794517564	504	7.21933022667232	3.63559335362491	0.801029684947217	ecDNA	EXP	0	ecDNA	0.849220103986135
NCI-H69	2	53547550	53916804	baseline	baseline	NA	DEL	gridss30fb_2253h	1142	13833	1.55861464787935	52.2585828065957	NA	t2tINV	gridss26ff_242h	585	37748977	73.1938866974961	1.89622145052594	369254		NA	2_53857383_53879647	22264			cluster4[172]	cluster4[172]	chr2[52]	CTX	50.3410041857624	61.8699959736873	0.866551126516464	yes	NCI-H69_chr2_53547550_53916804	0.994	0.006	0.987	0.834	0.091	3.576	6.407	3.577	0.475	0.448	3.596	0.86	6.541	0.86	2.85345776720455	542	6.56503091092161	4.385354415264	0.790057417556116	ecDNA	EXP	0	ecDNA	0.927209705372617
GBM39-DM	7	55222715	56051684	below_baseline	below_baseline	NA	DEL	gridss129fb_28247h	2800	27761	5.03358270867115	151.957517090645	NA	SBE	gridss129fb_90401o	29	NA	131.139091054251	4.2901678378828	828969	EGFR	NA	7_55688731_55706943	18212	EGFR_7_55068693_55281096	GBM39-DM_region2	cluster21[54]			CGR-NOS	145.687688110394	79.8506140893267	0.988909426987061	yes	GBM39-DM_chr7_55222715_56051684	0.996	0.004	0.993	0.649	0.069	4.808	6.155	4.808	0.612	0.557	4.811	0.653	6.691	0.653	1.9879575031937	1082	4.81075013680738	7.66090628738939	0.787588819456647	ecDNA	EXP	1	ecDNA	1
GBM39-DM	7	54830978	55194954	below_baseline	below_baseline	NA	DUP	gridss128bf_743o	4040	1286082	6.25011623311538	140.624394046269	NA	DEL	gridss129fb_28247o	2800	27761	148.888199429464	5.03358270867115	363976	EGFR	NA	7_54979482_54987025	7543	EGFR_7_55068693_55281096	GBM39-DM_region1	cluster21[54]	cluster21[54]		CGR-NOS	141.038069955554	77.0718875306439	0.987060998151571	yes	GBM39-DM_chr7_54830978_55194954	0.996	0.004	0.993	0.65	0.069	4.776	6.174	4.776	0.612	0.556	4.78	0.651	6.676	0.651	2.0085098778485	1082	4.82023273558638	7.57582701798354	0.784894822787572	ecDNA	EXP	1	ecDNA	1
P-0009535	12	68702627	69356154	baseline+1	baseline	NA	h2hINV	gridss202bb_1028h	373	24128	4.80762283806714	25.3030616381783	NA	DEL	gridss202fb_23560o	2532	311038	200.017073520307	3.87284917244531	653527	MDM2	CPM	12_69270152_69271739	1587	MDM2_12_69156706_69243823	P-0009535_region5	cluster2[38]	cluster2[38]	chr12[20]	CTX	78.7717228158422	71.1142040003481	0.98876404494382	yes	P-0009535_chr12_68702627_69356154	0.999	0.001	0.998	0.734	0.003	4.1	6.398	4.1	0.543	0.504	4.106	0.716	6.364	0.716	2.37320477865551	89	5.61677103302203	5.77852745178486	0.778816233556158	ecDNA	EGFR+LUAD	1	ecDNA	1
P-0009535	12	69667192	69691454	baseline	baseline	NA	DEL	gridss202fb_23560h	2532	311038	3.87284917244531	195.454786742754	NA	DUP	gridss201bf_541h	2325	11601984	195.454786742754	3.64669928425259	24262		CPSF6	12_69667192_69691454	24262			cluster2[38]	cluster2[38]	chr12[20]	CTX	131.393499827821	99.8607642580453	1	yes	P-0009535_chr12_69667192_69691454	0.999	0.001	0.998	0.647	0.003	4.669	6.751	4.669	0.616	0.56	4.678	0.636	6.708	0.636	1.9612882904041	89	4.79178493924939	7.29134321090771	0.775213461007092	ecDNA	EGFR+LUAD	1	ecDNA	1
NCI-H69	2	16051531	16188870	below_baseline	below_baseline	NA	DUP	gridss26bf_61o	1245	116858	0.998366255112927	64.9891076866808	NA	DEL	gridss26fb_3465o	1090	129698988	70.4101213071074	1.02761497361113	137339	MYCN	NA	2_16160539_16167826	7287	MYCN_2_16051531_16132642	NCI-H69_region1	cluster4[172]	cluster4[172]	chr2[52]	CTX	55.8819197412728	65.0259856549783	0.934142114384749	yes	NCI-H69_chr2_16051531_16188870	0.995	0.005	0.991	0.792	0.094	3.697	6.337	3.697	0.501	0.47	3.71	0.799	6.762	0.799	2.5861759398879	562	6.16676176220379	4.70706040270488	0.773241948948118	ecDNA	EXP	0	ecDNA	0.968804159445407
COLO320DM	8	127438979	129010063	baseline	baseline	NA		no	NA	NA	1.89980836022876	128.947054450793	NA	t2tINV	gridss152ff_9260o	7065	1276658	158.886654077968	1.92227105947831	1571084	MYC	NA	8_128147614_128156588	8974	MYC_8_128640599_128808746	COLO320DM_region1		cluster1[439]		CGR-NOS	185.883494272063	124.911292980739	1	yes	COLO320DM_chr8_127438979_129010063	0.993	0.007	0.986	0.601	0.016	5.021	6.769	5.021	0.659	0.59	5.043	0.607	6.791	0.607	2.109637693614	472	4.35558539541558	8.22721517437211	0.770715350621667	ecDNA	EXP	2	ecDNA	1
P-0009535	12	67501094	67518232	baseline	baseline	NA	DEL	gridss201fb_6659h	804	9324703	3.91828382302648	49.900347399428	NA	DUP	gridss201bf_958h	718	8936969	49.900347399428	3.84367165402761	17138		NA	12_67501094_67518232	17138			cluster2[38]	cluster2[38]	chr12[20]	CTX	61.0060564472012	67.3263561279749	0.943820224719101	yes	P-0009535_chr12_67501094_67518232	0.973	0.027	0.946	0.813	0.008	3.751	5.202	4.218	0.405	0.388	3.774	0.829	6.281	0.829	2.74366336339125	87	6.3658963365627	4.85063166982726	0.764272875673232	ecDNA	EGFR+LUAD	0	ecDNA	0.97752808988764
NCI-H69	2	53204900	53261620	baseline	below_baseline	NA	h2hINV	gridss30bb_62o	1366	87303219	1.91757006031284	41.6699859646641	NA	DEL	gridss30fb_1156o	588	17656	38.2076629332406	0.804476048801713	56720		NA	2_53204900_53241357	36457			cluster4[172]	cluster4[172]	chr2[52]	CTX	35.7139490796448	50.0184446951412	0.674176776429809	yes	NCI-H69_chr2_53204900_53261620	0.985	0.015	0.971	0.827	0.037	3.476	4.889	3.477	0.475	0.448	3.506	0.834	6.571	0.834	2.79270125120843	428	6.49865271946864	4.1194816983707	0.76203134025002	ecDNA	EXP	0	ecDNA	0.731369150779896
NCI-H69	2	53279276	53533717	below_baseline	baseline	NA	DEL	gridss30fb_1156h	588	17656	0.804476048801713	37.4845718163194	NA	DEL	gridss30fb_2253o	1142	13833	56.2872305077109	1.55861464787935	254441		NA	2_53504323_53533717	29394			cluster4[172]	cluster4[172]	chr2[52]	CTX	32.8627569659088	41.9343103603958	0.760831889081456	yes	NCI-H69_chr2_53279276_53533717	0.995	0.005	0.991	0.841	0.084	3.174	5.427	3.174	0.472	0.446	3.179	0.853	6.416	0.853	2.67738198107071	532	6.63140910237458	3.31654609335295	0.753540755674558	ecDNA	EXP	0	ecDNA	0.890814558058926
2765_2	10	116711443	118002454	baseline	baseline	NA	DUP	gridss151bf_10751o	480	1291011	3.74141213810274	31.7727891267834	NA	DUP	gridss151bf_10751h	480	1291011	34.1596152647168	3.53687022475422	1291011	MDM2	NA	NA	NA	MDM2_10_116711443_118002454	2765_2_region1				TD	49.0438493009477	46.4944795096787	0.891647855530474	yes	2765_2_chr10_116711443_118002454	0.989	0.011	0.978	0.784	0.075	3.628	5.044	3.628	0.503	0.471	3.645	0.789	5.85	0.789	2.60033573112068	411	6.09090097197182	4.52360822804851	0.751979492930714	ecDNA	EXP	1	ecDNA	0.959367945823928
NCI-H69	2	137579490	137602159	below_baseline	below_baseline	NA	DEL	gridss30fb_850h	1199	84388109	1.01032670686855	69.7539003780336	NA	DUP	gridss26bf_243h	1823	121429535	70.2219267125976	1.04369854855455	22669		NA	2_137595499_137596672	1173			cluster4[172]	cluster4[172]	chr2[52]	CTX	47.2165467543524	51.8407593964114	0.908145580589255	yes	NCI-H69_chr2_137579490_137602159	0.992	0.008	0.984	0.784	0.043	3.553	5.435	3.552	0.504	0.472	3.556	0.793	6.485	0.793	2.598916291727	559	6.09090097197182	4.32420369037854	0.747943934170463	ecDNA	EXP	0	ecDNA	0.960138648180243
NCI-H69	2	86731433	86734216	below_baseline	below_baseline	NA	DEL	gridss32fb_1759h	1706	9510861	0.983751000558729	84.2818143811317	NA	t2tINV	gridss30ff_564h	1216	32774422	70.0899206712447	0.899423113352572	2783		CHMP3	2_86731433_86733146	1713			cluster4[172]	cluster4[172]	chr2[52]	CTX	44.2234779532356	50.4532803963614	0.904679376083189	yes	NCI-H69_chr2_86731433_86734216	0.996	0.004	0.992	0.78	0.054	3.493	5.349	3.493	0.51	0.477	3.491	0.792	6.409	0.792	2.52991493842207	553	6.05297057685584	4.16468006024256	0.743753219264643	ecDNA	EXP	0	ecDNA	0.949740034662045
NCI-H69	2	135277461	135415432	below_baseline	below_baseline	NA	SBE	gridss38bf_118o	22	NA	1.14410363113288	67.0678972985492	NA	DUP	gridss30bf_36h	1321	82255882	42.9200723489194	1.01032670686855	137971		TMEM163	2_135277461_135325739	48278				cluster4[172]	chr2[52]	CTX	49.3627582881922	55.4171152292877	0.906412478336222	yes	NCI-H69_chr2_135277461_135415432	0.992	0.008	0.984	0.768	0.03	3.604	5.574	3.605	0.515	0.481	3.618	0.78	6.614	0.78	2.60865710219549	551	5.93917939150789	4.45979877599412	0.74157382927041	ecDNA	EXP	0	ecDNA	0.961871750433276
P-0009535	12	58089470	58095396	below_baseline	no	NA	DUP	gridss201bf_541o	2325	11601984	3.45450712202581	203.166626127517	NA	DEL	gridss201fb_4065o	2177	4916	203.166626127517	8.78382473041741	5926		OS9	12_58089470_58095396	5926			cluster2[38]	cluster2[38]	chr12[20]	CTX	96.6163707371235	72.4580608410469	1	yes	P-0009535_chr12_58089470_58095396	1	0	1	0.642	0.079	4.369	5.457	4.369	0.622	0.564	4.373	0.629	6.382	0.629	1.95642629715216	89	4.74437194535441	6.49372506022783	0.740327088144978	ecDNA	EGFR+LUAD	1	ecDNA	1
P-0009535	12	59336571	59494989	baseline	baseline	NA	DUP	gridss201bf_1197o	1517	9900648	3.85901146235377	265.577156426913	NA	DUP	gridss201bf_1044h	1218	680934	132.17006726582	3.84512067778296	158418		NA	12_59336571_59427664	91093			cluster2[38]	cluster2[38]	chr12[20]	CTX	132.737830722374	77.584729921971	1	yes	P-0009535_chr12_59336571_59494989	1	0	0.999	0.59	0.075	4.709	5.696	4.709	0.676	0.603	4.724	0.589	6.151	0.589	1.75715669250986	89	4.25127680884663	7.39769229766503	0.73815943543384	ecDNA	EGFR+LUAD	0	ecDNA	1
P-0009535	12	67705425	67714407	baseline	baseline	NA	h2hINV	gridss202bb_627o	349	1153553	3.84367165402761	28.4817837691926	NA	t2tINV	gridss202ff_660o	338	985145	28.4817837691926	3.91767282132711	8982		CAND1	12_67705425_67714407	8982			cluster2[38]	cluster2[38]	chr12[20]	CTX	33.5120992375665	36.4537668004015	0.831460674157303	yes	P-0009535_chr12_67705425_67714407	0.999	0.001	0.998	0.801	0.002	3.237	5.613	3.237	0.498	0.467	3.229	0.77	5.667	0.77	2.31345050675719	85	6.25210515121475	3.48404590499573	0.735678415010674	ecDNA	EGFR+LUAD	0	ecDNA	0.955056179775281
NCI-H69	2	53930664	53959136	baseline	below_baseline	NA	h2hINV	gridss26bb_237h	1212	37762343	1.89622145052594	67.1886560249943	NA		no	NA	NA	70.5735775515826	0.98978473292591	28472		GPR75-ASB3	2_53936253_53951032	14779			cluster4[172]		chr2[52]	CTX	50.4592340811289	55.7998390269174	0.916811091854419	yes	NCI-H69_chr2_53930664_53959136	0.995	0.005	0.99	0.745	0.091	3.658	6.418	3.658	0.533	0.495	3.66	0.759	6.516	0.759	2.46356938862925	545	5.72107961959098	4.6033700431165	0.73417287860132	ecDNA	EXP	0	ecDNA	0.963604852686308
P-0009535	12	58100312	58176391	no	baseline	NA	DEL	gridss201fb_4065h	2177	4916	8.78382473041741	188.658696435242	NA	DEL	gridss201fb_6659o	804	9324703	48.1609534670469	3.96263393347795	76079	CDK4	OS9	12_58100312_58112660	12348	CDK4_12_58115266_58176391	P-0009535_region4	cluster2[38]	cluster2[38]	chr12[20]	CTX	70.4158444903604	70.6920366446608	0.966292134831461	yes	P-0009535_chr12_58100312_58176391	0.961	0.039	0.922	0.771	0.027	3.881	5.222	5.221	0.692	0.164	3.94	0.781	6.355	0.781	2.60461142761741	89	5.96762718784487	5.19626620178855	0.731925739498064	ecDNA	EGFR+LUAD	1	ecDNA	1
Lx33	8	113719281	114154454	baseline	baseline	NA	SBE	gridss150bb_659h	183	NA	3.80727020431619	22.5275131795644	NA	SBE	gridss150ff_1164h	105	NA	39.6424492277845	3.76955897091313	435173		CSMD3	8_113922003_113942873	20870						UNK	50.0953886977257	55.9115385639948	0.906593406593407	yes	Lx33_chr8_113719281_114154454	0.985	0.015	0.97	0.738	0.092	3.604	5.924	3.604	0.533	0.494	3.617	0.771	6.068	0.771	2.57211457500923	175	5.65470142813801	4.45979877599412	0.710737732513173	ecDNA	SCLC	0	ecDNA	0.989010989010989
NCI-H69	2	145887858	145938762	below_baseline	below_baseline	NA	DEL	gridss26fb_3465h	1090	129698988	1.02288252576644	56.7806117053325	NA	DUP	gridss32bf_100h	897	68726577	70.6983711589501	1.00208433552759	50904		NA	2_145931390_145932725	1335			cluster4[172]	cluster4[172]	chr2[52]	CTX	42.8708171214014	46.1320498757326	0.885615251299827	yes	NCI-H69_chr2_145887858_145938762	0.991	0.009	0.982	0.744	0.04	3.487	5.379	3.487	0.531	0.494	3.486	0.771	6.225	0.771	2.56562647489188	548	5.71159702081199	4.14872769722897	0.710166846493236	ecDNA	EXP	0	ecDNA	0.95840554592721
COLO320DM	8	130278187	130286721	baseline	baseline	NA	h2hINV	gridss152bb_130h	3460	2840191	1.92227105947831	166.153413805001	NA	t2tINV	gridss152ff_9260h	7065	1276658	180.772939978406	1.88850280074076	8534		NA	8_130284124_130286721	2597			cluster1[439]	cluster1[439]		CGR-NOS	123.094201797012	76.6738627158153	1	yes	COLO320DM_chr8_130278187_130286721	0.993	0.007	0.985	0.574	0.064	4.629	5.929	4.63	0.69	0.612	4.65	0.58	6.511	0.58	1.98901377171927	472	4.0995552283827	7.18499412415039	0.70889447581959	ecDNA	EXP	1	ecDNA	1
Lx33	8	128240562	128380113	baseline	baseline	NA	h2hINV	gridss152bb_233h	74	13	4.03743579166999	41.233022257068	NA		no	NA	NA	23.0526640725695	4.00870463963559	139551		CASC8	8_128362210_128364035	1825			cluster14[24]			FBI	41.8456912954301	46.6116012524395	0.901098901098901	yes	Lx33_chr8_128240562_128380113	0.986	0.014	0.971	0.765	0.094	3.349	5.748	3.349	0.514	0.48	3.393	0.8	5.909	0.8	2.55184712252794	181	5.9107315951709	3.78182334791622	0.704810478737233	ecDNA	SCLC	0	ecDNA	0.961538461538462
20200721	1	203687087	204821416	baseline	baseline	NA	DUP	gridss20bf_854o	3984	1134329	2.0324674607938	108.552497903047	NA	DUP	gridss20bf_854h	4137	1134329	108.552497903047	1.92518863482295	1134329	MDM4	MDM4	1_203687087_204821416	1134329	MDM4_1_203687087_204821416	20200721_region1				TD	110.433745934813	53.5064217348259	0.990421455938697	yes	20200721_chr1_203687087_204821416	0.998	0.002	0.996	0.567	0.086	4.561	5.57	4.56	0.703	0.621	4.571	0.573	5.764	0.573	1.68520131285786	521	4.03317703692972	7.00420067666295	0.702472677790944	ecDNA	GBM	2	ecDNA	0.992337164750958
NCI-H69	2	77212185	77220572	below_baseline	below_baseline	NA	DUP	gridss32bf_100o	897	68726577	1.0572868339175	54.093110103542	NA	DEL	gridss32fb_1759o	1706	9510861	54.093110103542	0.962487161082922	8387		LRRTM4	2_77212185_77220572	8387			cluster4[172]	cluster4[172]	chr2[52]	CTX	36.7012701108795	40.7784045280008	0.837088388214905	yes	NCI-H69_chr2_77212185_77220572	0.995	0.005	0.99	0.741	0.018	3.381	5.669	3.381	0.536	0.498	3.385	0.75	6.136	0.75	2.46228806577952	520	5.683149224475	3.86690261732207	0.701505151134146	ecDNA	EXP	0	ecDNA	0.927209705372617
P-0009535	12	65470510	65472567	baseline	baseline	NA	DUP	gridss201bf_3319o	372	3734986	3.90039840947341	47.5659994309507	NA	t2tINV	gridss201ff_6356h	547	183645	47.5659994309507	3.91828382302648	2057		WIF1	12_65470510_65472567	2057			cluster2[38]	cluster2[38]	chr12[20]	CTX	45.5140100282128	55.8193409047458	0.865168539325843	yes	P-0009535_chr12_65470510_65472567	0.934	0.066	0.869	0.854	0.033	3.31	4.397	4.396	0.982	0.266	3.5	0.843	6.103	0.843	2.64534867861547	83	6.75468288650153	3.67813298832783	0.69729831187008	ecDNA	EGFR+LUAD	0	ecDNA	0.932584269662921
PM_0510	5	19660889	19681342	below_baseline	below_baseline	NA	h2hINV	gridss90bb_166o	635	456807	1.01532497618705	6.18864885950481	NA	t2tINV	gridss90ff_166o	436	383327	6.18864885950481	1.09091155361109	20453		CDH18	5_19660889_19681342	20453			cluster7[56]	cluster7[56]	chr5[10]	CTX	13.824451354633	20.9145485567102	0.364035087719298	yes	PM_0510_chr5_19660889_19681342	0.999	0.001	0.998	0.803	0.002	2.861	5.156	2.861	0.496	0.466	2.866	0.803	5.177	0.803	2.38142026716167	121	6.27107034877274	2.48436448947694	0.696537332068105	ecDNA	GBM	0	ecDNA	0.469298245614035
NCI-H69	2	53159550	53191381	below_baseline	baseline	NA	DUP	gridss30bf_36o	1321	82255882	0.987274504634481	65.6014460939709	NA	DEL	gridss30fb_850o	1199	84388109	73.7761947809609	1.91757006031284	31831		NA	2_53184869_53191381	6512			cluster4[172]	cluster4[172]	chr2[52]	CTX	48.4162947472517	52.7265198192172	0.904679376083189	yes	NCI-H69_chr2_53159550_53191381	0.988	0.012	0.977	0.707	0.034	3.621	5.444	3.62	0.558	0.514	3.656	0.732	6.493	0.732	2.25257227936627	535	5.36074086598914	4.50499713786598	0.693568086283454	ecDNA	EXP	0	ecDNA	0.956672443674177
20200721	7	54698061	55575958	baseline	baseline	NA	DUP	gridss128bf_1157o	5411	877897	3.90900628736604	103.556429305174	NA	DUP	gridss128bf_1157h	5554	877897	102.529224897668	3.57789542798889	877897	EGFR	SEC61G	7_54698061_55039319	341258	EGFR_7_55040065_55575958	20200721_region2	cluster8[24]	cluster8[24]		TD	108.374007653646	53.2677701947493	0.992337164750958	yes	20200721_chr7_54698061_55575958	0.983	0.017	0.966	0.574	0.069	4.525	5.35	4.525	0.683	0.606	4.552	0.572	5.878	0.572	1.64466384983642	521	4.0995552283827	6.90848649858137	0.685823421077691	ecDNA	GBM	2	ecDNA	0.992337164750958
COLO320DM	13	28381831	28553298	baseline	baseline	NA	TRA	gridss211bf_282o	1953	NA	3.51620484208668	92.2752739987713	NA	SBE	gridss152ff_2496h	11	NA	15.4754704455686	3.55338448181598	171467	CDX2	ATP5EP2	13_28519368_28522582	3214	CDX2_13_28478342_28549945	COLO320DM_region2	cluster1[439]			CGR-TRA	92.6778607992779	61.1981374206526	0.997881355932203	yes	COLO320DM_chr13_28381831_28553298	0.994	0.006	0.988	0.572	0.053	4.34	6.036	4.341	0.694	0.614	4.36	0.577	6.209	0.577	1.95114230608451	472	4.0805900308247	6.41662197232877	0.677715570478578	ecDNA	EXP	1	ecDNA	1
PM_0510	5	9417803	9425654	below_baseline	below_baseline	NA	h2hINV	gridss88bb_397h	544	8170550	1.4558052985335	6.04415765758181	NA	DUP	gridss89bf_117h	721	91967	6.04415765758181	1.06603851409724	7851		SEMA5A	5_9417803_9425654	7851			cluster7[56]	cluster7[56]	chr5[10]	CTX	14.7916067737054	22.1917618748109	0.390350877192982	yes	PM_0510_chr5_9417803_9425654	0.986	0.014	0.973	0.787	0.033	2.924	4.587	2.924	0.5	0.468	2.954	0.793	5.171	0.793	2.49741210957799	119	6.11934876830881	2.65186430111972	0.676100997237267	ecDNA	GBM	0	ecDNA	0.486842105263158
PM_0510	5	20117697	20186458	below_baseline	below_baseline	NA	h2hINV	gridss90bb_166h	635	456807	1.02219462310151	6.9034595396443	NA	SBE	gridss90bf_69h	572	NA	6.85252364322625	1.01954705506273	68761		CDH18	5_20117697_20160877	43180			cluster7[56]		chr5[10]	CTX	13.3859639975754	19.9733371320248	0.368421052631579	yes	PM_0510_chr5_20117697_20186458	0.987	0.013	0.974	0.787	0.001	2.829	4.057	3.412	0.38	0.369	2.848	0.793	5.044	0.793	2.47766745855017	120	6.11934876830881	2.39928522007109	0.667246437446188	ecDNA	GBM	0	ecDNA	0.473684210526316
P-0009535	7	55628527	56006911	baseline	below_baseline	NA	h2hINV	gridss129bb_5579o	755	69187	6.64264926982072	67.1113281852016	NA	TRA	gridss129ff_8409o	993	NA	72.5267262200267	4.34707622716205	378384		FKBP9L	7_55697714_55800805	103091			cluster2[38]	cluster2[38]	chr12[20]	CTX	78.8647149114175	48.9798286047703	1	yes	P-0009535_chr7_55628527_56006911	0.996	0.004	0.992	0.565	0.012	4.161	5.496	4.161	0.703	0.621	4.196	0.585	5.583	0.585	1.85769560726092	89	4.01421183937173	5.94070980908977	0.655603341143663	ecDNA	EGFR+LUAD	1	ecDNA	1
P-0009535	11	69025444	69052251	baseline	below_baseline	NA	TRA	gridss188bf_2713o	1065	NA	4.67747229110909	66.8750643879488	NA	TRA	gridss129ff_2031h	1191	NA	66.8750643879488	4.17754923598907	26807		NA	11_69025444_69052251	26807				cluster2[38]	chr12[20]	CTX	58.7126181765109	36.6925798387041	0.98876404494382	yes	P-0009535_chr11_69025444_69052251	1	0	1	0.593	0.078	3.872	4.935	3.872	0.673	0.601	3.899	0.602	5.304	0.602	1.78455817058728	89	4.27972460518362	5.17233765726815	0.649765601681682	ecDNA	EGFR+LUAD	1	ecDNA	1
PM_0510	5	19856713	20064670	below_baseline	below_baseline	NA	DUP	gridss90bf_167o	646	3233375	1.09091155361109	6.57360297443254	NA	t2tINV	gridss90ff_166h	436	383327	6.57360297443254	1.02219462310151	207957		CDH18	5_19856713_20064670	207957			cluster7[56]	cluster7[56]	chr5[10]	CTX	13.867276188977	20.7106093804852	0.368421052631579	yes	PM_0510_chr5_19856713_20064670	0.979	0.021	0.957	0.765	0.008	2.857	4.531	3.582	0.326	0.323	2.9	0.799	5.073	0.799	2.42926288615356	118	5.9107315951709	2.47372958080121	0.645196288100463	ecDNA	GBM	0	ecDNA	0.473684210526316
P-0009535	11	69292344	69478073	baseline	baseline	NA	TRA	gridss129fb_24254h	1059	NA	4.70843117010611	59.5372689730618	NA	TRA	gridss128bf_4640h	641	NA	65.0885442409473	4.6205909877177	185729	CCND1	NA	11_69302534_69355489	52955	CCND1_11_69355490_69478073	P-0009535_region3	cluster2[38]	cluster2[38]	chr12[20]	CTX	62.042310583649	39.21706632069	1	yes	P-0009535_chr11_69292344_69478073	0.999	0.001	0.999	0.577	0.051	3.931	5.887	3.931	0.691	0.613	3.954	0.586	5.371	0.586	1.86815881982902	89	4.12800302471968	5.3292025602352	0.643072320486823	ecDNA	EGFR+LUAD	1	ecDNA	1
P-0009535	11	69609049	69618069	baseline	baseline	NA	h2hINV	gridss188bb_7374o	819	95256	4.6205909877177	60.9350112781501	NA	DUP	gridss188bf_2945h	1069	315535	60.9350112781501	4.60159221490334	9020		NA	11_69609049_69618069	9020			cluster2[38]	cluster2[38]	chr12[20]	CTX	66.1160165196443	43.8603162394344	0.98876404494382	yes	P-0009535_chr11_69609049_69618069	0.98	0.02	0.961	0.593	0.014	3.951	4.947	3.951	0.66	0.589	4.003	0.615	5.49	0.615	1.86316640775366	89	4.27972460518362	5.38237710361385	0.636239008307545	ecDNA	EGFR+LUAD	1	ecDNA	1
P-0009535	7	54994520	55528204	baseline	baseline	NA	TRA	gridss129bf_110o	797	NA	6.75978979205313	63.0598227211157	NA	DEL	gridss129fb_15497o	799	406548	64.8196077606929	6.64264926982072	533684	EGFR	EGFR	7_55004310_55150502	146192	EGFR_7_55004310_55318240	P-0009535_region1	cluster2[38]	cluster2[38]	chr12[20]	CTX	71.0372081045835	45.7211603063678	1	yes	P-0009535_chr7_54994520_55528204	0.969	0.031	0.938	0.595	0.016	4.006	5.052	5.051	0.932	0.201	4.076	0.622	5.5	0.622	2.02835837330406	89	4.29868980274161	5.52860709790517	0.631284789079252	ecDNA	EGFR+LUAD	1	ecDNA	1
P-0009535	7	54833128	54850947	baseline	baseline	NA	TRA	gridss128bf_4640o	641	NA	6.53816609112536	69.4540118756651	NA	t2tINV	gridss129ff_57o	882	616865	69.4540118756651	6.75978979205313	17819		RP11-745C15.2	7_54833128_54850947	17819			cluster2[38]	cluster2[38]	chr12[20]	CTX	50.3303583139101	30.5539892330534	1	yes	P-0009535_chr7_54833128_54850947	1	0	0.999	0.564	0.08	3.724	4.93	3.724	0.707	0.624	3.755	0.574	5.126	0.574	1.72134556986273	89	4.00472924059274	4.77884603626607	0.611994567957466	ecDNA	EGFR+LUAD	1	ecDNA	1
P-0009535	11	69060137	69078446	below_baseline	below_baseline	NA	TRA	gridss129fb_19454h	628	NA	4.17754923598907	58.6161319472887	NA	t2tINV	gridss188ff_5054o	1015	92564	58.6161319472887	3.80611252030324	18309		MYEOV	11_69060137_69078446	18309			cluster2[38]	cluster2[38]	chr12[20]	CTX	61.8725731983515	41.1609356411527	1	yes	P-0009535_chr11_69060137_69078446	0.963	0.037	0.927	0.572	0.061	3.877	4.795	3.877	0.672	0.595	3.942	0.599	5.433	0.599	1.76470085111362	89	4.0805900308247	5.18563129311281	0.595786740945241	ecDNA	EGFR+LUAD	2	ecDNA	1
Lx33	8	128483324	128963837	baseline	baseline	NA	h2hINV	gridss150bb_715h	199	14679582	4.00870463963559	22.6793644137479	NA	SBE	gridss152ff_701h	231	NA	23.8755266659184	3.91261367823907	480513	MYC	MYC	8_128734288_128779832	45544	MYC_8_128710767_128779832	Lx33_region1	cluster14[24]			CGR-NOS	24.2297370019324	25.0787564935214	0.813186813186813	yes	Lx33_chr8_128483324_128963837	0.989	0.011	0.979	0.663	0.011	2.933	5.06	2.933	0.595	0.543	2.948	0.68	5.305	0.68	2.23452733860396	175	4.94350651971332	2.67579284564011	0.589623732583239	ecDNA	SCLC	0	ecDNA	0.93956043956044
Lx516	11	62589823	62627705	below_baseline	below_baseline	NA	DUP	gridss188bf_246o	500	8685350	0	15.3517728774319	NA	TRA	gridss188fb_2432o	530	NA	15.3517728774319	0	37882		STX5	11_62589823_62627705	37882			cluster15[1337]	cluster15[1337]	chr3[334];chr11[198];chr13[100]	CTX	18.1423377295966	15.1182503545244	0.649425287356322	yes	Lx516_chr11_62589823_62627705	0.992	0.008	0.985	0.657	0.02	2.805	4.406	2.805	0.603	0.549	2.813	0.656	4.511	0.656	2.12350863113066	296	4.88661092703935	2.3354757680167	0.574526597614756	ecDNA	SCLC	0	ecDNA	0.816091954022989
Lx33	7	20765590	22665801	baseline	baseline	NA	TRA	gridss125bf_94o	139	NA	1.97215899952929	18.7573872200837	NA	TRA	gridss125fb_10461o	239	NA	19.6141235515594	1.91461144783234	1900211		NA	7_20901901_21337564	435663			cluster14[24]	cluster14[24]		CGR-TRA	21.2878864895731	24.0341614015789	0.67032967032967	yes	Lx33_chr7_20765590_22665801	0.989	0.011	0.978	0.66	0.028	2.797	4.997	2.797	0.598	0.545	2.851	0.715	5.209	0.715	2.19363954180746	163	4.91505872337634	2.31420595066523	0.573017715040218	ecDNA	SCLC	0	ecDNA	0.873626373626374
P-0009535	12	68678499	68699552	baseline	baseline+1	NA	h2hINV	gridss202bb_1028o	373	24128	3.91767282132711	25.5771527129705	NA	t2tINV	gridss202ff_660h	338	985145	25.5771527129705	4.80762283806714	21053		MDM1	12_68678499_68699552	21053			cluster2[38]	cluster2[38]	chr12[20]	CTX	31.7803304043173	34.3868824135377	0.831460674157303	yes	P-0009535_chr12_68678499_68699552	0.967	0.033	0.933	0.641	0.001	3.129	4.535	4.827	0.018	0.063	3.256	0.724	5.608	0.724	2.10511226771519	80	4.73488934657542	3.19690337075097	0.57253744553493	ecDNA	EGFR+LUAD	0	ecDNA	0.955056179775281
Lx516	22	44314141	44326317	below_baseline	below_baseline	NA	TRA	gridss188fb_2432h	530	NA	0	15.4964604112884	NA	TRA	gridss188ff_1968h	384	NA	15.4964604112884	0	12176		PNPLA3	22_44314141_44326317	12176			cluster15[1337]	cluster15[1337]	chr3[334];chr11[198];chr13[100]	CTX	17.5031459718056	15.203860480166	0.597701149425287	yes	Lx516_chr22_44314141_44326317	0.991	0.009	0.983	0.654	0.02	2.781	4.394	2.781	0.605	0.551	2.807	0.664	4.505	0.664	2.04464647470548	286	4.85816313070236	2.2716663159623	0.568810258399236	ecDNA	SCLC	0	ecDNA	0.78448275862069
PM_0510	7	52134895	55952317	below_baseline	baseline	NA	DUP	gridss128bf_374o	1728	3148411	1.94875192622627	43.3639703046531	NA	SBE	gridss129fb_13264o	231	NA	1.97886216261281	2.53081001448631	3817422	EGFR	EGFR	7_55117290_55135527	18237	EGFR_7_55068693_55283306	PM_0510_region2	cluster7[56]		chr5[10]	CTX	29.6665213558032	24.8920846116092	0.87719298245614	yes	PM_0510_chr7_52134895_55952317	0.978	0.022	0.957	0.607	0.068	3.178	4.716	3.179	0.644	0.577	3.217	0.641	5.2	0.641	2.15100878071734	215	4.41248098808956	3.32718100202868	0.564025930934906	ecDNA	GBM	1	ecDNA	0.947368421052632
PM_0510	5	9333687	9415702	below_baseline	below_baseline	NA	DUP	gridss89bf_117o	721	91967	1.0211196512197	6.91465754488252	NA	DEL	gridss89fb_2767o	558	13642108	6.91465754488252	1.4558052985335	82015		SEMA5A	5_9333687_9415702	82015			cluster7[56]	cluster7[56]	chr5[10]	CTX	14.043838725819	20.7567084365267	0.399122807017544	yes	PM_0510_chr5_9333687_9415702	0.969	0.031	0.939	0.612	0.03	3.17	4.551	3.17	0.632	0.568	3.211	0.639	5.054	0.639	2.08225244342564	92	4.45989398198454	3.30591118467722	0.558244180087779	ecDNA	GBM	0	ecDNA	0.478070175438596
Lx516	3	183741316	183765285	baseline	baseline	NA	h2hINV	gridss56bb_4787h	499	109613299	2.01057108246463	19.2940031364037	NA	TRA	gridss67ff_4312o	486	NA	19.2940031364037	2.35178004255815	23969		HTR3D	3_183741316_183765285	23969			cluster15[1337]	cluster15[1337]	chr3[334];chr11[198];chr13[100]	CTX	19.3535485805687	14.5311513250585	0.71551724137931	yes	Lx516_chr3_183741316_183765285	0.996	0.004	0.992	0.611	0.001	2.887	4.535	4.8	0.005	0.014	2.908	0.598	4.534	0.598	2.03731641077525	302	4.45041138320554	2.5534913958692	0.552950761924248	ecDNA	SCLC	1	ecDNA	0.841954022988506
Lx516	11	71261169	71274401	baseline	baseline	NA	DEL	gridss188fb_11273h	565	4447967	1.64762049993715	14.7230351130814	NA	DEL	gridss188fb_21386o	10	197	14.7230351130814	1.88795708558424	13232		NA	11_71261169_71274401	13232			cluster15[1337]	cluster15[1337]	chr3[334];chr11[198];chr13[100]	CTX	16.3004816649849	13.8540554562977	0.577586206896552	yes	Lx516_chr11_71261169_71274401	0.97	0.03	0.941	0.65	0.048	2.694	3.853	2.694	0.596	0.542	2.729	0.664	4.296	0.664	2.1798841786023	286	4.82023273558638	2.04035705226514	0.537494437393598	ecDNA	SCLC	1	ecDNA	0.747126436781609
Lx516	11	64654699	64714020	baseline	below_baseline	NA	h2hINV	gridss188bb_1072o	59	2065389	2.23437832049984	18.0849103071496	NA	DEL	gridss188fb_6670o	573	27514587	17.2769659601311	0	59321		MIR194-2	11_64660476_64665670	5194			cluster15[1337]	cluster15[1337]	chr3[334];chr11[198];chr13[100]	CTX	18.662537951028	14.5272672804424	0.701149425287356	yes	Lx516_chr11_64654699_64714020	0.99	0.01	0.98	0.601	0.066	2.836	4.279	2.836	0.657	0.589	2.859	0.605	4.559	0.605	2.06237018294762	301	4.35558539541558	2.41789631025362	0.534756682874758	ecDNA	SCLC	1	ecDNA	0.841954022988506
PM_0510	5	1247252	1313269	baseline	below_baseline	NA	h2hINV	gridss88bb_397o	544	8170550	1.84608606589819	6.04529394223998	NA	t2tINV	gridss88ff_359o	497	1190139	6.04529394223998	0.971689686156602	66017	TERT	TERT	5_1247252_1313269	66017	TERT_5_1247252_1313269	PM_0510_region1	cluster7[56]	cluster7[56]	chr5[10]	CTX	13.9142776807338	20.3378222849172	0.390350877192982	yes	PM_0510_chr5_1247252_1313269	0.972	0.028	0.944	0.568	0.071	3.161	4.554	3.161	0.683	0.604	3.205	0.616	5.029	0.616	1.97097145347316	93	4.04265963570872	3.28198264015682	0.528992520953721	ecDNA	GBM	1	ecDNA	0.473684210526316
Lx516	11	69595761	69607412	baseline	below_baseline	NA	DUP	gridss188bf_2152o	496	22824257	1.58106182511033	14.336378297582	NA	TRA	gridss55ff_351h	611	NA	17.4246375267171	0	11651		NA	11_69602125_69607412	5287			cluster15[1337]	cluster15[1337]	chr3[334];chr11[198];chr13[100]	CTX	17.1716107448497	13.5002749025812	0.614942528735632	yes	Lx516_chr11_69595761_69607412	0.986	0.014	0.972	0.616	0.075	2.71	4.179	2.71	0.639	0.575	2.722	0.646	4.295	0.646	2.02753661180336	311	4.49782437710052	2.08289668696806	0.528924252636118	ecDNA	SCLC	0	ecDNA	0.839080459770115
Lx516	11	107731321	107776514	baseline	below_baseline	NA	h2hINV	gridss192bb_2047o	331	1661380	1.64850214539726	18.4503494047676	NA	TRA	gridss59bf_1008h	293	NA	18.4503494047676	1.39941035765723	45193		NA	11_107731321_107776514	45193			cluster15[1337]	cluster15[1337]	chr3[334];chr11[198];chr13[100]	CTX	18.9251253819915	14.1469913937051	0.727011494252874	yes	Lx516_chr11_107731321_107776514	0.996	0.004	0.992	0.573	0.003	2.883	4.406	2.883	0.694	0.615	2.894	0.575	4.456	0.575	1.92023941760134	302	4.0900726296037	2.54285648719346	0.524257249385485	ecDNA	SCLC	1	ecDNA	0.844827586206897
Lx516	11	92228607	92420018	baseline+1	baseline+1	NA	DEL	gridss188fb_6670h	573	27514587	3.18231025344481	18.2489489825884	NA	DUP	gridss188bf_2152h	496	22824257	16.1480624871559	2.67996757148904	191411		FAT3	11_92253179_92273819	20640			cluster15[1337]	cluster15[1337]	chr3[334];chr11[198];chr13[100]	CTX	16.9936467087091	13.5018345921986	0.60632183908046	yes	Lx516_chr11_92228607_92420018	0.985	0.015	0.97	0.598	0.014	2.773	4.142	2.773	0.657	0.588	2.792	0.618	4.45	0.618	2.06478051426911	289	4.3271375990786	2.25039649861084	0.521581513912147	ecDNA	SCLC	2	ecDNA	0.78448275862069
Lx516	11	66720089	66813202	baseline	below_baseline	NA	h2hINV	gridss188bb_1072h	59	2065389	2.01220171487109	20.1157892505633	NA	DEL	gridss188fb_11273o	565	4447967	15.0278707471847	0	93113		PC	11_66720089_66725335	5246			cluster15[1337]	cluster15[1337]	chr3[334];chr11[198];chr13[100]	CTX	17.2728636897876	13.3072228308668	0.675287356321839	yes	Lx516_chr11_66720089_66813202	0.99	0.01	0.98	0.58	0.078	2.786	4.283	2.787	0.681	0.605	2.791	0.597	4.375	0.597	2.0174056396319	299	4.15645082105667	2.28495995180697	0.514017829587037	ecDNA	SCLC	1	ecDNA	0.824712643678161
PM_0510	5	23057810	23090088	below_baseline	below_baseline	NA	DEL	gridss89fb_2767h	558	13642108	0	6.39702196097297	NA	DUP	gridss90bf_167h	646	3233375	5.97340033006515	0.993748939029299	32278		NA	5_23069776_23078113	8337			cluster7[56]	cluster7[56]	chr5[10]	CTX	12.4332149796682	18.173072841509	0.359649122807018	yes	PM_0510_chr5_23057810_23090088	0.964	0.036	0.929	0.57	0.035	3.039	4.432	3.039	0.675	0.597	3.106	0.621	4.919	0.621	2.06727031684336	90	4.06162483326671	2.95761792554701	0.511087032903448	ecDNA	GBM	0	ecDNA	0.456140350877193
Lx516	3	57542970	57741607	baseline+1	baseline	NA	h2hINV	gridss55bb_306h	669	200	2.80957122411685	16.743253440193	NA	t2tINV	gridss55ff_629o	406	40835656	16.8696594990635	1.95444214623604	198637		NA	3_57721086_57726996	5910			cluster15[1337]	cluster15[1337]	chr3[334];chr11[198];chr13[100]	FBI	16.821743657373	12.6753662698104	0.655172413793103	yes	Lx516_chr3_57542970_57741607	0.99	0.01	0.98	0.573	0.022	2.785	4.162	2.785	0.689	0.611	2.781	0.589	4.204	0.589	1.90548591065009	296	4.0900726296037	2.28230122463804	0.508767741589231	ecDNA	SCLC	2	ecDNA	0.813218390804598
PM_0510	12	58115746	58407544	baseline	baseline	NA	DUP	gridss201bf_126o	427	291798	1.82657556809256	4.82061981053383	NA	DUP	gridss201bf_126h	427	291798	4.83567916284517	2.00253367158888	291798	CDK4	RP11-620J15.2	12_58242884_58272573	29689	CDK4_12_58115746_58205991	PM_0510_region3	cluster7[56]	cluster7[56]	chr5[10]	TD	11.6373687544501	14.2665860936148	0.368421052631579	yes	PM_0510_chr12_58115746_58407544	1	0	1	0.501	0.075	3.129	4.121	3.129	0.796	0.682	3.142	0.509	4.281	0.509	1.54794714886309	84	3.407325517516	3.19690337075097	0.500323363118783	ecDNA	GBM	1	ecDNA	0.456140350877193
P-0093087	14	31550814	38067061	baseline	baseline	NA	DUP	gridss223bf_775o	29	16240010	2.91698387156064	10.0431497629965	NA	SBE	gridss223ff_1640h	12	NA	9.17803757124836	2.95030770805826	6516247	NKX2-1;FOXA1	NA	14_37101985_37105326	3341	NKX2-1_14_35911866_37101984;FOXA1_14_37105327_38067061	P-0093087_region4				CGR-NOS	19.8258681890171	11.0381480814781	0.75	yes	P-0093087_chr14_31550814_38067061	1	0	1	0.539	0.073	2.856	3.666	2.856	0.741	0.647	2.872	0.524	3.891	0.524	1.52424336710013	39	3.76766427111784	2.47107085363227	0.499250017614648	ecDNA	EGFR+LUAD	0	ecDNA	0.975
COLO320DM	6	1	374260	no	baseline+1	NA		no	NA	NA	NA	3.15839574757162	NA	TRA	gridss106ff_601o	1288	NA	115.814419884201	2.52104749530461	374259		NA	6_371967_374260	2293				cluster1[439]		CGR-TRA	25.1267755127908	15.6651519075049	0.938559322033898	yes	COLO320DM_chr6_1_374260	0.993	0.007	0.987	0.511	0.046	3.08	4.681	3.08	0.776	0.668	3.083	0.523	4.81	0.523	1.73323992212981	470	3.50215150530596	3.06662573947326	0.496908834156679	ecDNA	EXP	2	ecDNA	0.98728813559322
PM_0510	5	2314200	2503409	below_baseline	below_baseline	NA	SBE	gridss88bf_616o	622	NA	0.971689686156602	6.20114749627184	NA	t2tINV	gridss88ff_359h	497	1190139	6.20114749627184	0.999834426269972	189209		NA	5_2314200_2503409	189209				cluster7[56]	chr5[10]	CTX	13.1012379434574	19.6097990598729	0.368421052631579	yes	PM_0510_chr5_2314200_2503409	0.95	0.05	0.899	0.536	0.044	3.146	4.493	3.146	0.707	0.616	3.217	0.599	4.982	0.599	2.03574068146529	85	3.73921647478085	3.24210173262283	0.486704645712883	ecDNA	GBM	0	ecDNA	0.456140350877193
Lx516	11	66854143	67049871	no	baseline	NA	h2hINV	gridss188bb_1855h	157	226	4.53274973119946	18.425767272848	NA	TRA	gridss188ff_1968o	384	NA	16.0442660239128	1.91882453656549	195728		KDM2A	11_66854143_66902435	48292			cluster15[1337]	cluster15[1337]	chr3[334];chr11[198];chr13[100]	FBI	18.6669954097404	14.2393830859952	0.704022988505747	yes	Lx516_chr11_66854143_67049871	0.993	0.007	0.986	0.501	0.006	2.984	4.362	2.984	0.791	0.677	2.995	0.514	4.367	0.514	1.66666475443875	266	3.407325517516	2.81138793125569	0.479264426627464	ecDNA	SCLC	2	ecDNA	0.830459770114943
Lx516	11	109392702	109405343	baseline	baseline	NA	h2hINV	gridss192bb_2047h	331	1661380	2.01976907988358	19.7740055743678	NA	t2tINV	gridss192ff_2525o	249	104	19.7740055743678	2.02424121687632	12641		NA	11_109392702_109405343	12641			cluster15[1337]	cluster15[1337]	chr3[334];chr11[198];chr13[100]	FBI	16.3910517745094	12.280568429404	0.658045977011494	yes	Lx516_chr11_109392702_109405343	0.99	0.01	0.979	0.531	0.002	2.782	4.128	3.043	0.659	0.592	2.796	0.553	4.296	0.553	1.79195464878988	289	3.69180348088588	2.27432504313124	0.477585634195646	ecDNA	SCLC	1	ecDNA	0.813218390804598
Lx516	3	74128016	74218807	baseline	baseline	NA	h2hINV	gridss56bb_4787o	499	109613299	1.87777773426297	20.691237683684	NA	SBE	gridss56ff_4856o	161	NA	0	2.07190372681956	90791		NA	3_74128016_74217493	89477			cluster15[1337]		chr3[334];chr11[198];chr13[100]	CTX	19.0861253403729	13.7953423840351	0.744252873563218	yes	Lx516_chr3_74128016_74218807	0.968	0.032	0.936	0.526	0.087	2.861	4.079	2.861	0.734	0.637	2.921	0.569	4.222	0.569	1.96685182073994	298	3.6443904869909	2.48436448947694	0.465524915704456	ecDNA	SCLC	1	ecDNA	0.830459770114943
P-0093087	14	44000001	47790824	baseline	baseline	NA		no	NA	NA	2.83028406398768	4.60833822305216	NA	DUP	gridss223bf_775h	29	16240010	7.2157983172947	2.78308189227908	3790823		C14orf28	14_45272864_47790824	2517960						CGR-NOS	16.0242433924485	10.5446752353483	0.575	yes	P-0093087_chr14_44000001_47790824	0.901	0.099	0.801	0.6	0.057	2.449	3.53	3.528	0.816	0.246	2.595	0.642	3.694	0.642	1.80976499766549	39	4.34610279663659	1.38896889587656	0.425590106754841	ecDNA	EGFR+LUAD	0	ecDNA	0.85
Lx298	13	67829692	74414972	baseline	baseline	NA	SBE	gridss215bb_399o	149	NA	1.86190137231911	0	NA	t2tINV	gridss215ff_359h	112	6582706	2.04168674673221	1.90838071011642	6585280	KLF5	NA	13_71334964_71408547	73583	KLF5_13_73601867_74414972	Lx298_region1		cluster105[5]		CGR-NOS	4.30710000196006	6.81176446358022	0.116968698517298	yes	Lx298_chr13_67829692_74414972	0.938	0.062	0.876	0.531	0.062	2.475	3.402	2.475	0.704	0.613	2.551	0.573	3.798	0.573	1.77918967844985	119	3.69180348088588	1.45809580226882	0.409781194902744	ecDNA	SCLC	0	ecDNA	0.181219110378913
P-0093087	14	52000001	52048785	baseline	baseline+1	NA		no	NA	NA	2.87961195509898	5.75903673038534	NA		no	NA	NA	5.75903673038534	3.79841689195099	48784		FRMD6-AS2	14_52000001_52048785	48784						UNK	12.1084404942412	7.25521079834503	0.5	no	P-0093087_chr14_52000001_52048785	0.85	0.15	0.7	0.556	0.023	2.399	3.036	3.035	2.894	0.475	2.527	0.503	3.36	0.503	1.51538612633736	32	3.92886845036077	1.25603253742992	0.362103315264234	UNK	EGFR+LUAD	0	ecDNA	0.725
